Compound,Node Features Optimised Combined,Edge Features Optimised Combined,Edge Indices Combined,Temperature Input Features,Uncertain Features,Num. Fixed Atoms,Placed H Atoms
CuO,[0],[0],"[[0, 21], [0, 22], [0, 25], [0, 26], [1, 23], [1, 24], [1, 25], [1, 27], [2, 21], [2, 23], [2, 25], [2, 28], [3, 22], [3, 24], [3, 25], [3, 29], [3, 32], [4, 21], [4, 26], [4, 28], [5, 22], [5, 26], [5, 29], [5, 33], [6, 23], [6, 27], [6, 28], [7, 24], [7, 27], [7, 29], [7, 34], [8, 25], [8, 26], [8, 27], [8, 28], [8, 29], [9, 22], [9, 30], [9, 32], [9, 33], [10, 24], [10, 31], [10, 32], [10, 34], [11, 30], [11, 31], [11, 32], [11, 35], [11, 38], [12, 30], [12, 33], [12, 35], [12, 39], [13, 31], [13, 34], [13, 35], [13, 40], [14, 29], [14, 32], [14, 33], [14, 34], [14, 35], [15, 30], [15, 36], [15, 38], [15, 39], [16, 31], [16, 37], [16, 38], [16, 40], [17, 36], [17, 37], [17, 38], [17, 41], [18, 36], [18, 39], [18, 41], [19, 37], [19, 40], [19, 41], [20, 35], [20, 38], [20, 39], [20, 40], [20, 41], (42, 43), (42, 47), (42, 45), (42, 48), (42, 46), (42, 44), (43, 50), (43, 48), (43, 47), (43, 45), (43, 49), (44, 45), (44, 46), (44, 47), (43, 44), (44, 48), (45, 47), (45, 46), (45, 48), (46, 47), (43, 46), (46, 50), (47, 50), (48, 49), (48, 50), (48, 51), (49, 51), (49, 50), (42, 49), (45, 49), (50, 51), (42, 50), (43, 51), (42, 51), (47, 51), (14, 42), (29, 42), (33, 42), (34, 42), (35, 42), (7, 42), (5, 42), (14, 43), (35, 43), (33, 43), (34, 43), (29, 43), (13, 43), (12, 43), (26, 44), (4, 44), (8, 44), (5, 44), (28, 44), (29, 44), (27, 44), (26, 45), (5, 45), (8, 45), (4, 45), (29, 45), (28, 45), (33, 45), (27, 46), (6, 46), (8, 46), (7, 46), (28, 46), (29, 46), (26, 46), (27, 47), (7, 47), (8, 47), (6, 47), (29, 47), (28, 47), (34, 47), (39, 48), (12, 48), (20, 48), (18, 48), (35, 48), (41, 48), (33, 48), (39, 49), (18, 49), (20, 49), (12, 49), (41, 49), (35, 49), (40, 49), (40, 50), (13, 50), (20, 50), (19, 50), (35, 50), (41, 50), (34, 50), (40, 51), (19, 51), (20, 51), (13, 51), (41, 51), (35, 51), (39, 51)]","[0, 0, 0, 0, 0.17112737999999902, 2.67]","[179.442, 35.3215, 0.40800000000000003]",42,10
